domain,organization_unit_id,website_id
www.vocus-group-limited.com,94,9
www.better-business-ideas-and-services.com,80,20
www.truscott-mining-corporation-limited.com,257,83
www.awthentikz.com,243,85
www.carnegie-clean-energy-limited.com,245,86
www.coffee-time.ca,268,87
www.new-zealand-king-salmon-investments-limited.com,275,90
www.coalbank-limited.ca,288,108
www.tbg-diagnostics-limited.ca,292,113
www.citywest.com,297,117
www.heemskirk-consolidated-limited.com,311,173
www.allergan.com,312,174
www.melbana-energy-limited.ca,321,198
www.vonmaur.com,340,220
www.amerigroup.com,341,221
m.oz-minerals-limited.com,47,231
m.dollarama.com,329,232
m.heemskirk-consolidated-limited.com,311,264
m.new-zealand-king-salmon-investments-limited.com,275,270
m.indiewealth.ca,75,273
m.awthentikz.com,243,302
m.carnegie-clean-energy-limited.com,245,303
m.coffee-time.ca,268,304
www.rollins-inc.com,390,321
m.first-growth-funds-limited.com,286,327
www.oz-minerals-limited.com,47,328
www.perpetual-resources-limited.com,406,344
www.genesis-minerals-limited.com,407,345
m.perpetual-resources-limited.com,406,349
m.tbg-diagnostics-limited.ca,292,353
www.hathor-exploration.com,393,366
m.hathor-exploration.com,393,370
www.interpose-holdings-limited.ca,450,376
www.ooh-media-limited.com,451,381
m.ooh-media-limited.com,451,382
www.the-independent-planners.ca,394,383
m.the-independent-planners.ca,394,384
www.greencross-limited.com,395,385
m.greencross-limited.com,395,387
m.ecolab.com,452,390
www.marantz.com,453,391
m.marantz.com,453,392
www.securitised-australian-mortgage-trust-2011-1.com,454,393
m.securitised-australian-mortgage-trust-2011-1.com,454,394
www.hastings-technology-metals-ltd.com,455,395
m.hastings-technology-metals-ltd.com,455,396
www.helloworld-limited.com,432,397
m.helloworld-limited.com,432,398
www.arafura-resources-limited.com,456,399
m.arafura-resources-limited.com,456,400
www.fruit-of-the-loom.com,416,403
m.united-technologies.com,462,411
www.eumundi-group-limited.com,418,421
www.mareterram-limited.com,472,440
m.mareterram-limited.com,472,441
www.dollarama.com,329,453
www.indiewealth.ca,75,454
www.nick-scali-limited.com,485,463
m.the-a2-milk-company-limited.com,358,473
m.ppk-group-limited.com,492,481
m.amkor-technology.com,339,486
m.great-boulder-resources-limited.com,496,488
m.eumundi-group-limited.com,418,489
m.fruit-of-the-loom.com,416,490
www.converse.com,417,491
m.converse.com,417,492
www.orh-limited.com,415,493
m.orh-limited.com,415,494
www.berkshire-hathaway.com,504,499
www.monmax.com,505,500
www.colgate-palmolive.ca,45,503
m.colgate-palmolive.ca,45,508
m.challenger-limited.ca,509,516
m.oneall-international-limited.com,287,517
m.bega-cheese-limited.com,336,521
m.office-depot.com,342,522
m.forte-consolidated-limited.com,353,523
m.cleanaway-waste-management-limited.com,460,524
m.land-homes-group-limited.com,843,558
www.land-homes-group-limited.com,843,559
m.master-builder-design-services.com,388,568
m.red-sky-energy-limited.com,338,569
www.province-of-ontario.ca,531,572
www.topbetta-holdings-limited.com,524,573
www.adaptabiz.com,533,576
m.think-childcare-limited.express,466,580
www.veco-corporation.com,522,591
www.kidman-resources-limited.ca,24,592
m.silver-lake-resources-limited.com,22,593
m.adaptabiz.com,533,594
m.livehire-limited.com,437,596
m.santana-minerals-limited.com,121,597
m.topbetta-holdings-limited.com,524,606
m.veco-corporation.com,522,607
m.international-game-technology-igt.com,523,608
m.costa-group-holdings-limited.com,521,609
m.genesis-resources-limited.com,1354,610
www.gwr-group-limited.ca,543,617
m.gwr-group-limited.ca,543,618
www.international-game-technology-igt.com,523,623
